name,price,description,category,image;
Chaise ergonomique,100.0,Chaise ergonomique pour un confort optimal au travail.,Mobilier,https://encrypted-tbn0.gstatic.com/images?q=tbn:ANd9GcRUo4-NnZXTvTtKiCoaln1mLOTbKI9_tS_8Ng&s;
Chaise ergonomique,100.0,Chaise ergonomique pour un confort optimal au travail.,Mobilier,https://encrypted-tbn0.gstatic.com/images?q=tbn:ANd9GcQZSY9yAC_Bik09d72qPAbDmKqbyhNh_0-uaw&s;
Boîte à bijoux,40.0,Boîte à bijoux en bois avec compartiments.,Accessoires,https://encrypted-tbn0.gstatic.com/images?q=tbn:ANd9GcQ8td01Xl6jvpPOieHb-qxLzKZQJfwHE3Z8vw&s;
Boîte à bijoux,39.99,Boîte à bijoux en bois avec compartiments.,Accessoires,https://encrypted-tbn0.gstatic.com/images?q=tbn:ANd9GcT4fvDgUOf5cyRefE88J5iTYBk8IX0ehI8H6Q&s;
Masque facial hydratant,9.99,Masque facial hydratant pour une peau éclatante.,Beauté,https://encrypted-tbn0.gstatic.com/images?q=tbn:ANd9GcTxhzQoOzECLA5bhBNQP8N6SVbGE1fm952gow&s;
Masque facial hydratant,9.99,Masque facial hydratant pour une peau éclatante.,Beauté,https://encrypted-tbn0.gstatic.com/images?q=tbn:ANd9GcSos_SqkFg1AiRqd3zXfsR15Ocmj0BSE5FeYQ&s;
Support de téléphone,14.99,Support de téléphone réglable pour bureau.,Accessoires,https://encrypted-tbn0.gstatic.com/images?q=tbn:ANd9GcR-TJXgvO_F-qXqFJPERtEboxbRkaa2fvFTZA&s;
"Support de téléphone,14.99,Support de téléphone réglable pour bureau.,Accessoires,""data:image/jpeg";"base64,/9j/4AAQSkZJRgABAQAAAQABAAD/2wCEAAkGBxIQERUQERAQFRMTFxAWEBATFxATFhAVFRUWFhUXFRUYHSggGBomHRYTITEhJTUrLi4uFx8zOTMtNygtLisBCgoKDg0OGhAPFS0ZFRorLSsrLSstKy0rLS0rNy0rLSsrKy0tLSstKysrLSs3Ky0rKysrKystKystKysrKysrK//AABEIAOEA4QMBIgACEQEDEQH/xAAcAAEAAQUBAQAAAAAAAAAAAAAABgIDBQcIBAH/xABAEAACAQICBggBCgYCAgMAAAAAAQIDEQQhBQYSMVFhBxMiQXGBkaEyFCNCUmJygpKiwTNDsdHh8MLxY8MIFlP/xAAWAQEBAQAAAAAAAAAAAAAAAAAAAQL/xAAXEQEBAQEAAAAAAAAAAAAAAAAAARFB/9oADAMBAAIRAxEAPwDeIAAAAAAAAAAAAAAAAAAAAAAAAAAAAAAAAAAAAAAAAAAAAAAAAPFi9LYej/FxFGH35wj/AFZhMX0g6Np78XCXKmp1PeKsBKAa7x3S9gofBTrz5tQgveV/YvaC6VsFiZqnNSotuynJwlC/2pJ9nxatzAnwCYAAAAAAAAAAAAAAAAAAAAAAAAAAAA2a11+6T1gqjw+GhCdSNusqTu4QbV9lRVnKXsvW0n6QdNvAaPq4qMNpw6pKN7ZzqRgrvuV5I5n09iJVajqyd3Ucqjfdep2v3AlGO6VdI1N2IlFcIRpQ97NmIlrJicTfrcTXk+EqlSSfk2RwDBlZ1Ire1fna5bljYri/D/JjT6MF7FV9tp2tYt05uLTW9FIKOkuh/T7xeC6qcrzw7jG7zbpyV6d/C0o/gJ2aB6CNKdXjXQbyrU5xS4yh85H9PWm/iAAAAAAAAAAAAAAAAAAAAAAAAAAAMZrPo1YrCV8O4qXWU5qMXmnJK8L/AIkjlzSyhOKnTd47mrOOw42vGz3WTR1sc8dImiVQxFekkkuslUgt1o1LOSXLtx9wNcgNAoAAAAAMvqlpP5Li6NfupzhJ84xfaXnHaXmdaxd1dbnuZxrSlZp8Hn4d51V0f6R+U6Ow9Ru8lBU5vvcqTdNt+OzfzIJCAAAAAAAAAAAAAAAAAAAAAAAAAABrXpY0Mqk6dZb3CpB5b7LJcm24/ksbKI/r1gnWwc7fFC0ovh3X8r38hRyxjIbM2v8AefvcsmX1mo2quSVlK0kuCmlJL+piBAABQAAA3x0B6V28PWwzedOUKkfCa2ZW84J/iNDmwOhXSnUaRhBvs1lOm/xLaj+qEV+IlHRoAAAAACirUjBOUpKMVm5SaSS5t7jA47XTBUv522+FJOd/xfD7gSEGvsd0k91DD+Eqsv8AjH+5Hcdrpjav87YXCklD9Wcvcmjb2IxMKa2qk4QXGTUV6sxP/wBtwW2qfymF27JpScb8522V6mma1eU5bU5uUn3ybk/VlKGjoMGG1PxvX4OjNu7UdiXG8Hs3fja/mZkoAAAAAAAAAAAW8TRVSEoPdKMovwasXABzPr7gNiW53i5xmn3ST2n5ZteXIhRufpY0XarVaWU4xq+js/VzqeiNMzjZtcLkivgANIAAAe7QmMlQr06sfihKMo/ei1KPukeERdnfhmB2Pg8TGrThVg7xqRhOL4qSTXsy8Q3ol0n8o0ZSV7ui5Un4K0ofolD0JkQAABB+lfb+T0mm1DrLVEvpO1435K0jWaN066YHr8FWh3qLmvGHadvJNeZoXH42pBpQp3bW+0nn3qy7yUZB3LVWtGPxzS5N29jE9VianxS2V4qPtHP1K6WhorOc2/DL3IL1XS1OPwpy8rL1ZZWkq1T+HTsuNnL3eR7KWGpQ3Qjfi+0/c9+Hw85/DF+PcBsTojxkpUatGe+Dpz85xaaXnD3J8Q/o70DUwsKlSqrSq9Xsw74xjtZvm9rdyJgaAAAAAAAAAAAAABDekfBKVOE+57VOX4leP9JepzdpOi4VJRa3ftl+x1frPhOtwtSPeo7S8Ydr9mvM5q14wmxXclulaX5t/uidVGwAaQAAAAAbl/8Aj/pXtV8K38UY1IrnB7MvacPym6Dl/ot0p8m0lQk3aMpqEvCp827/AJk/wnUBAAMTrBp+jgobVR3m12KS+Kf9lzf+APZpLFU6VKU6skoJPav35blxb4HOWN0nClJxvmnmvHM9OvGv1XEzaUk2rqKj8FH7q+lL7T/wQKVRt3bbb3t5tkEmlppyyikvE9+j6Mqr7Un4LIiNGdicdHq+UV1Qj8Uvhvu4u78LvyAkWidDK6jGneT3d7ZsnQGrcaNqlW0qndHfGn/d8/8As9+htDU8NHs5zfxVHvfJcEZIoAAAAAAAAAAAAAAAA+NXyZz50l6McLr/APOU4eV7w/pfzOhDWPSpozac2l/Epqaf2oZP2S9SVXP59Kq0bSa5/wDRSaQAAAAAXcJUcZxads967uZ1xq/pBYnC0cQv5tOEnyk0tpeTuvI5BOi+hLSvXaPdJvtUJySX2anbX6nUXkQZjXXXGngYOEZRdW2d/hpJ7nLi+Ef9fP8ArLrPVxU5PblaT7U2+1U8eC5I9GsanWrzdeuopSl2c3Jyv2pNcW7mK2sNT3Rc3xk7L0RBjadNyyjFvwR7qWiKrzlswXGTt7H2ppuSyglFcIpI8FXGTlvkyDL08DQh8dRzfBZL1JXqfi6cK0JUHGMoSUo73e3c+T3eZrhSuSbVKpsVEyjpjR+mKdVLPZk/oS48nuZkTWOCxSlFGZwWl6tLJSvH6ss15d68iiagw+D1gpzyneD9Y+vd5mWhNNXTTT3NZpgVAAAAAAAAAAAAABGNfcLtUI1LX2JWf3Z5P32STmO1hUPk1VVJRjHYfak7JP6PvYDlTWDDdVXlHg5L0f8AZoxxL9f8JaoqlviSv4rJ/syICAACgAABtLoE0r1eLnh28q0GkuMqfbj7dcatM1qZpT5JjaNe9lCcHL7qfb/S5rzJRPOlTUlwxE68LxhVe1Gf0Np74ya+F33cVbnbVmMwc6UtmcWn3cHzT3NeB1/jKEakWpKMoyVmmk1JPiu9GvNZ+jqFRN4bZs83h6l3Bv7Et8H/ALkTBz0ESnTWqs6M3FQnGS30Z5SX3Xumv9zMDLCtOzTTW9cALNNGe0M7NGMpYczGjaDbsk2+CTYE50Ti3ZZkiw1e5DMK+qV5tR5N5+izPXT0wpy2I1ZQSTbl2IqVu68rteRRMalaMFtTlGMe+UmopebPLDWylQk9itJNZuykov8AMrS9yI4jTeHpO+dSe5Sbc5Z923J38keWloXG4ybnDDzjGTb263za91tNeCZBNcb0nVWtmlCCf17e6Ty9j0aiawYvE4xRnUc6bjOVWL3RSWTXB7TisuJiNE9HOaliK8pbvm6S2V4OcrtrwSNm6v6Kw+Ghs0KMad7bTzlKVt15Sbb7wMsACgAAAAAAFNSVk3wTfoBjNYNP0cFDbqy7TvsU1bam+S7lxbyNAa99IdXFzcYyVlfZUfgpd3Z+tL7T/wAGI111nr4yvUvJpNtTd99vorhBbrciLqCW+XkiDYOk5/KtHUq7zklHbfO2xP8AUiCEz1JrRrYWths+zdpPhNNr9UX6kRxcNmbX+8/3EFoAGgAAAqpSs0+DRSAOrNQtI/KtHYeq3eSgoTfGVP5uTfjs38zNzpGuegXEylgasHuhVTjy2qcLr1TfmbMIMLpfQlHFQ2K1NSXc9zi+MZLNPwNYa1dHlSmnOknWgt1sq0OG5dteGfLvN0NFEqSA5PrYOtGag1ZN7KlFXW+2be58smZWeL6r5qk2lksneU3ze9s35pvVDC4p7c6dp984NwcvvNb/ADLOjdVMPhf4NCnB980rzl4zfafmyDTWjtWcdic40HCL+nWvT/S1t+xK9GdGiyeIrTn9imurj4Nu7flY2dTwSPTTw6AjWiNVMPh/4VCEH9e15vxm7yfqZqngUjJRoh0yjyww6R6KMbMrVMrUbAfQAAAAAAAD41fI+gDmDpC1Mq4XFVFBNxk3KEe+UW/ij9bmlmncg0otbzr7S+iqWKg6dempruvvi+MZb4vmjU+uXRlJXqUVKrHjFLroLmt1Ve5BrnUXHdTikm7RqRnFt2STXbi3+Vr8RVrPRUa8nH4W20+TzX7njrYCphqkaqV1TnFqSva8Zbpd8Xlaz9yR6z0VXpxrQzVlnyeab/oOqiIKuqlwfnl7nvw+ha089nZX1p9le9r+VzSMcfDOvQsFZKopzbSt8MfzOxXW0dRhFqrWjFPfGlaT/M8l7k0YjBYKpWv1cb2+J3ilHxbdjK4bQEf5tZc40ltfrlZL0ZlNEas4mrlhsLVVO+U6vzcbcbyttfhuTTQnRtO6liq+WV6dBf8Asmv+I0Snoc2I4WrTp03FRqJubltbblFK25WsorLmT8x2gtFUcJRVKhHZhdyd225Se9yb3vJLyMiAAAA+OJ9AFvZFi4fLAfQAAAAAAAAAAAAAAAWK0MyzKJ7JK5YcQIrrJqdh8ZeVurrNfxoJdrlUjumvHPmal1j1exujU1GnTdN32Zdp022/o5rYb+pKy4c+g9gt1cOpJxkk4tNOLSaafc094HLGA+aXWSTVacnsrPsLcowi72uSHAasaRxeccPOMX/MxDdJeku36Jm8sFqzhqEnKjh6VOT3yjGKl4bW+3LcZCOERBqrRXRZfPE4mUv/AB0UoLwc5XbXgok00PqZhcNZ0sPTjJfzJJzn+eV5EnjSSK1Eo8UMEkX4UEi/YWArorIuHyKsfQAAAAAAAAAAAAAAAAAAAAAAAABTJFQAt2FiqwsBTY+WK7CwFFhYrsLAUWKoo+2PqA+gAAAAAAAAAAAAAAAAAAAAAAAAAAAAAAAAAAAAAAAAAAAAAAAAAAAAAAAAAAAAAAAAAAAAAAAAAAAAAAAAAAAAAAAAAAAAAAAAAAAAP//Z"""
Montre intelligente,105.99,Montre connectée avec suivi de fitness.,Électronique,https://encrypted-tbn0.gstatic.com/images?q=tbn:ANd9GcSdVsTS34sdmHaf-a_xwETUQlgYr6JYwBALCw&s;
Montre intelligente,115.0,Montre connectée avec suivi de fitness.,Électronique,https://encrypted-tbn0.gstatic.com/images?q=tbn:ANd9GcTgpDiZDMfGGR3lZ6ZT8d6Syb-MsCRnMe_Ggw&s;
Montre analogique,80.99,Montre analogique classique avec bracelet en cuir.,Accessoires,https://encrypted-tbn0.gstatic.com/images?q=tbn:ANd9GcTVLLllX_IloyEgEXtSSAAsNYiT2HpL8JATQg&s;
Montre analogique,93.99,Montre analogique classique avec bracelet en cuir.,Accessoires,https://encrypted-tbn0.gstatic.com/images?q=tbn:ANd9GcQOE_nDuiEX31vF6KrQ0g__Go-r5Xa9otrOCQ&s;
Montre connectée,82.0,Montre intelligente avec suivi de la santé et notifications.,Électronique,https://encrypted-tbn0.gstatic.com/images?q=tbn:ANd9GcQN_GyqkDNpFxMB2NpVvC-vGzbqYvPe3yMWYg&s;
Montre connectée,89.0,Montre intelligente avec suivi de la santé et notifications.,Électronique,https://encrypted-tbn0.gstatic.com/images?q=tbn:ANd9GcSBgiEkq5ofwZbXKqfgVWBUpmFvm9uBFUdHew&s;
"Montre,50.0,""Redécouvrez l'élégance intemporelle avec cette montre à gousset en argent, un accessoire de style classique qui allie précision et raffinement. Son boîtier finement gravé et son cadran blanc épuré arborent des chiffres romains élégants, offrant un charme rétro authentique. Dotée d'un mouvement mécanique fiable, cette montre se remonte manuellement pour vous accompagner avec précision tout au long de la journée. Livrée avec une chaîne assortie, elle se porte facilement à la poche ou s'accroche à un gilet pour une touche de sophistication d'antan"",montre,https://encrypted-tbn0.gstatic.com/images?q=tbn:ANd9GcTE8hhbnK1JoCSUqIL710yxkPv9Ezo6K3CnOg&s";
Sac à dos,29.99,Sac à dos en toile résistant à l'eau.,Accessoires,https://encrypted-tbn0.gstatic.com/images?q=tbn:ANd9GcRCiIC_QZ659i_gUW0fxnQhMpJHlRdeTPlTnw&s;
Sac à dos,29.99,Sac à dos en toile résistant à l'eau.,Accessoires,https://encrypted-tbn0.gstatic.com/images?q=tbn:ANd9GcQws4sSyJyli4saRXJezlJN9jTV0cjTYBfcgw&s;
Sac à main en cuir,79.99,Sac à main élégant en cuir véritable.,Accessoires,https://encrypted-tbn0.gstatic.com/images?q=tbn:ANd9GcQInkvepSyeFfEbJyaDY39B7oX5uO4fh_SaXQ&s;
Sac à main en cuir,79.99,Sac à main élégant en cuir véritable.,Accessoires,https://encrypted-tbn0.gstatic.com/images?q=tbn:ANd9GcTKxctcoDMOTybXzi3LxRiDN4LbHoOSRMtsQA&s;
Sac à dos en toile,34.99,Sac à dos résistant en toile pour les aventures quotidiennes.,Accessoires,https://encrypted-tbn0.gstatic.com/images?q=tbn:ANd9GcQgQbUAOMeM5KjZgoTETRc5KvfE7BBAXxcfTg&s;
Sac à dos en toile,30.99,Sac à dos résistant en toile pour les aventures quotidiennes.,Accessoires,https://encrypted-tbn0.gstatic.com/images?q=tbn:ANd9GcStILGd6mBPxCbUiftR7MojEUuhGT7TRFdHtA&s;
"Sac a dos,40.0,""Prêt pour toutes vos escapades, ce sac à dos en toile imperméable allie style et praticité. Conçu avec des matériaux résistants, il est parfait pour les trajets quotidiens ou les week-ends en pleine nature. Il dispose de plusieurs compartiments, y compris une poche rembourrée pour votre ordinateur portable jusqu'à 15 pouces et des poches extérieures zippées pour un accès facile à vos petits objets. Ses bretelles ajustables et son dos rembourré garantissent un confort maximal, même lors de longues journées."",Sacs,https://encrypted-tbn0.gstatic.com/images?q=tbn:ANd9GcStRkcnabvy23-RYMToUmMFZT6OSH6a4ehrpw&s";
"Sac a mains,29.0,""Ce sac à main élégant en cuir véritable est l'accessoire parfait pour accompagner vos tenues du quotidien ou vos sorties spéciales. Conçu avec un cuir de qualité supérieure, il offre une résistance durable tout en restant chic. Il dispose d'une grande poche principale avec une fermeture éclair sécurisée, ainsi que plusieurs compartiments intérieurs pour ranger vos essentiels. La bandoulière réglable et les poignées renforcées vous offrent le choix entre le porter à l'épaule ou à la main"",Sacs,https://encrypted-tbn0.gstatic.com/images?q=tbn:ANd9GcRB3HYrfDlFhjkNNw963k8hhVg4uelc_nY4xQ&s";
Tasse à café personnalisée,12.99,Tasse en céramique avec design personnalisable.,Cuisine,https://encrypted-tbn0.gstatic.com/images?q=tbn:ANd9GcS2EFBVx1KtwWc0eSqLVURDU5nX-XNzE8CpTQ&s;
Tasse à café personnalisée,12.99,Tasse en céramique avec design personnalisable.,Cuisine,https://encrypted-tbn0.gstatic.com/images?q=tbn:ANd9GcShR6z4K9It65eXriqHftMWvq6R0l_SIxduiQ&s;
"Écouteurs sans fil,59.0,Écouteurs Bluetooth avec qualité sonore supérieure.,Électronique,""data:image/jpeg";"base64,/9j/4AAQSkZJRgABAQAAAQABAAD/2wCEAAkGBxITEhUSExMWFRUWFxcXGRcWFhUWFRYZFxcWFxgVFxgYHSgiGBolHhYXITEhJSkrLi4uFx8zODMtNygtLisBCgoKDQ0OFg8NFSsdFRkrLSsrLS03LSsrKy03Ky0rKysrKzc3KysrKy0rKy0rKysrKysrKysrKysrKysrKysrK//AABEIAOEA4QMBIgACEQEDEQH/xAAcAAEAAgMBAQEAAAAAAAAAAAAABQcDBAYBCAL/xAA+EAACAQICBgcGBQMCBwAAAAAAAQIDEQQSBQYhMUFREyJhcYGRoQcjscHR8DJCUmJygpKyouEUJDRTc8Lx/8QAFgEBAQEAAAAAAAAAAAAAAAAAAAEC/8QAFxEBAQEBAAAAAAAAAAAAAAAAAAERMf/aAAwDAQACEQMRAD8AtQAAAAAAAAAAAAAAAAAAAAAAAAAAAAAAAAAAAAAAAAAAAAAAAAAAAAAAAACUktr2d+w156QpLfUh/cgNgGi9MYf/ALsfU/cNJ0Xuqw87fEDbB+YVE9qafc0/gfoAAAAAAAAAAAAAAAAAAAAAAAAAAAAMeIrxhFzm0ore2cBrHrlKV4Urxjuv+aXl8EMHYaT09Qo/ileX6Y7X48jkdJa8VHsppRXm/M4nF47jKVvWXlw+9hGVtKLgr/y2+m4o6TF6eqTfWqO/azUlpCT/ADP1OcekZvZG9uSVl6HsI1pboy9Sie/418X53MkMe+EvUh6eBxXCE/UThXj+OD8Vf4gdFQ0xUi7qTXc7epP6O11qxspPMuUtvrvK+jjbb018PJ/U2ade/wB/dgLm0XrNRrbG8ku17PMmiiqGIlF7DsdW9apQtCXWjye9dz+RLBYgMWFxMakVODun92ZlIAAAAAAAAAAAAAAAAAAAGLFYmNODnN2it/0XaZitNdtP9LN04P3cPXnL5IsGprRrJOvJ7ctOO5cF2vmzh8bpbeo+fF/Rdhg0nj3N2T2EjqpqxUxVRJLZxb3Jc2NEThcNVrSUYRcm+SuzvNA+y6rO0sRJU1+nfLy4Fj6A1eoYSCjTis1ts7bX9ESxBzmjdR8FRt7rO+c3f0WwnaGEpwVoU4R/jFL4IzAAfmpSjLZKKfekz9ACE0lqlg634qMU+cOq/TZ6HE6b9mtSF54WedfoeyXg9zLRAHz5JzpydOpFxktjTVv/AIbFOrbai4dZtWqOMhaay1EurUS2xfbzXYU5jcFUw1WVGqrSj5NcJLmuJdHYasawSpyW3ZxT4lk4avGcVOLun92KKw9ZxaZYOqGmrPLJ9WW/sfBkq9dwD08CAAAAAAAAAAAAAAAegQGuWlehoNJ9ad12qP5n8vEpfTmMa6nF7ZfQ7DXXSvSV5yv1YbF3R2Lzd2VvXm5yvzZRu6B0ZKvVjFK92kkX9q9oeGGpKEUs1lmfN8u5HHeyvQajF15Ld1Y9/F+C+JYhAAAAAAAAAAAA5jXzVz/iqOeC99TTcXxkt7h9O3vOnPQPnqlP7+RL6Ixbi7G57QNELD4pyirQre8jyUt04/PxRA0Z2Zei6tW9IdLS2/ijsfauD++RKld6maRy1Ip7pdV+O71sWIRaAAIAAAAAAAAAAAaOnMX0VCpPio2Xe9i+JvHLe0LE5aEY/qk34RX1kgKp07X6rXGUvRbPqRmiMNnqJdqRm0rK87fpRO+zjBdJiqd1sUsz7o7fkUXHofBKjRhSX5Yq/e9r9TcPTwgAAAAAAAAAAAAAOU9pejulwbqJdai1UX8d015O/gVJT3H0DiqCqQnTlunGUX3STT+JQHROEpQe+LcX3xbi/wDEsE3ofENW7C4sDXz04T/VFPx4+pR+AqWki3tUa2bDR/a2vn8xVTIAIgAAAAAAAAAABxftKw9RwhUjCUoRUs2VN22xd3bcrLedoaGsGJdPDVpreoO3jsv6gfO+LxKc5c2yyfZHgXnnUa2Rjbxk/omcPpDB03XjOMksri2la0rcD6BwlnCLUVHMlKySS2pPgBlAAAAAAAAAAAAAAAB6Urrtg+hx1VPYpvpI9qlZu3dLMXSROtM6MMNUqVYRnaEoxzRTd59VJN7ru3kBS1CdmWzqBJuhJ8M2zy2/IrPVTR8Z4qPXUejnGeV/mUWnZX37t3aXjC1tlrb9naB6AAAAAAAAAAAAAEXrTTcsJXS35G/Jpv0RKEZrLjY0sNUlJ2vFxXa5Jr4XfgBS2lsRFVErbZNJJcy98HFqnBPeoxT70kUJKr0mLjJRbhRtKeXft2ZVwva/mjr8b7UK0l7qhGnfjKWd+CskXBaQKMxWueMm9tWV3wTsvJbCe0bpHEUYqc688zV8rk2u6z2DBagIXV7T8MQrNpTXDhLtX0JogAAAAAABr43GwpRzTdl6vuA2AcRpPXeabVOEUucrt+liOo+0OqnaUIS8Gvgy4LIOU9pk7YO36qtNfF/IzaO1zoTV6nu+2+ZeiuYdcsXRr4GbpzjO0oWyu9pZvTZcgqSknnk/K28v3RkbUaS5U4L/AEopbV6jmxVKm1fPUin3ZldLwLyAAAAAAAAAAAAAADfEq3WHHz0ljY4XDyWSCbzP8KStmqvmtsUl2rmdrrvinTwdRxdnLLDwk0n6XKKqaVlQeJpxbjPEdFSzLeqbbnVs+F8tNdzYHVY/CU8PGrSoScoJqPSNpupJ2Up3XNt7uSIuVFEhiLKgv5r0k/ojQlI2jBSop1ocr3NzSeMcpPs3Gk59e/YaWmMb0dNy4ydl37/gmSqldEaZlSqKSdmnf1Lu0NpGNejCrHitq5Nb0fMOGxjbLj9k+l75qDe9Zl3revL4EosgAEAAAa+kcbGjTlUnuivN7lFdrewq7TOn51ZNt+HBdiJb2k6VvVhhovZBZ5/yl+FeC2/1I4mpMsHmLxbbyrez9yyQjZbeb5vs7DSobbz57I93P75GrpDFWW/cXRkxukNm12XL5JEzq2r0ZTd7ydop3W7fJohq+r01Sp1avVdTalxjHfu528rkzgpWSiuCslySM4uut1K0EunVXhDb42dvvsLEOV1F0nCUHRy5Zx61/wBa3X71sVjqggAAAAAAAAAAAAAgNeqDng6lvyuEvKS+pQOtdPLVjP8Ai/LZ8kfS+OwyqU503+eLj5qyZ89a34V5GmrSg2n2cGvBpFgk69a9B9koy8M0ZfBmm6hqaOr58PFc4ZfGN4/JH4VW6TKjPVn1l3NEdrRG9GD/AH/GL+hnq1Nz5MyaQpdJhp2V3G0vLf6NhXLYOW473UjHujWp1N2WSv3PY/Rs4DBbzrtDbrkH0cDR0FiOkw9GfOnG/faz+BvEA9PDDjq2SlUn+mEpeUWwKP0zj+lxNervz1JW/jF5Y/6UiPxlZ5Xbe7RXe3Y1aNTYjHWq3nTX7m+7LFtPzsaRvYmplWW1lG6XOyeVN99m/wCpGDVrBLFY2nTm0qcb1are5U6azO/Y3ZeJpVsa501N75K/pb5H61cxLjCvbfUy07/sTzyXi8n9pFT+sGmHiK8qiuoLq048ord4ve+8m9E6OiqE5yvnWWyW7rP5W9TntDYPPUTe5bTt8PH3FVfup/8AsRYxau1HDE0pc5KL7pdX5lmlY4CPvqf84f5Is8FeAAIAAAAAAAAAAAVV7TdD5K3S293WTvyU7WkvFbfMtU/NWlGSyyipLlJJryYHzXozBVaVOTlFqHSNQk/zJ7HZd6Xmz8t2uuT/AN/mWTrxo3JKdO1ozWen9F3PZ5FZVHZ+j719s0E3sNvROKtKz3NWfzRHuR+FOz2BGxX1cnCfu1mhJ3T5ftfcTaw3RU4xe9+a7DDgNJvLvE6znK72kVdupb/5Kh/F/wCUiaI/V7DOnhqMHvVON+9q79WSBAI7WP8A6TE/+Cr/AISJEwY+hnpVIfrhKP8AdFr5gfN2c1q1Tr35U5v0SMk007Petj8DVxEvxdtOS9Y3ND84ydqUV+1Eno+lkhGPZd972sjZQzKlfd1fQmMCnKaVr8bEHW6Cw2WF+LJ/DwvRq79jhytve/j5EToym404Rk7tRV2t1+JL4aXuav8AR8WB7oSjmxFJfuT/ALet8iwjj9TsPmqyqcIRt4y/2TOwIAAAAAAAAAAAAAAAAIvWLQsMVSdNvLJbYTSu4S7uKfFFIa36uYjCSTrRWWbdpwd4Sa5cnudmfQZpaZ0VSxVKVGtHNCXg4vhKL4SXMD5kVW+08cjvNKeyPGRqPoJ06kHucpZJd8o2tfub7kbOE9j2JdukxNGPPJGpUa7FfLcujgKE2md17P8AQEsVWU2vdQac3wbW1QXa/RHZaJ9l+CpWdTPXkv1vLH+2Ftne2dnhsPCnFQpxjCMdijFJRXckBkABAPTwAUH7RtDSwuMns93VbqU3wabvKPfGTtbk1zOSqO8l23XmmfS2sWgaONoujWWzfGSspwlwlF8/R7mUbrVqDjcHJtQdejvVWlFya5Z4K7i/NdpRBYRZqcO63kbWjcW6dVpvZJJr5r4Gpo+rFqyavvtxXNP74mXE0M1mnZramB3+jMTmgn4EjTr9SULNuTjbwvw4tkD7P9FYnENpRSpr8VR3yp8Elxl2Fm6G1ZjRlnnLPJbtlort7WXRvaAwHQ0VF/ifWl3vh4KyJEAyAAAAAAAAAAAAAAAAAAAAAAAAAAAAAAengAhdPaqYPF26aisyeypDqVF2Zo7Wux3RG0fZzo+M8/Rzkt+SVSTh9X4s6wAY8Nh4U4qFOMYRjsUYpRiu5IyAAAAAAAAAAAAAAAAAAAAAAAAAAAAAAAAAAAAAAAAAAAAAAAAAAAAAAAAAAAAAAAAAAAAAAAAAAAAAAAAAAAAAAAAAAAAB/9k="""
Écouteurs sans fil,70.99,Écouteurs Bluetooth avec qualité sonore supérieure.,Électronique,https://encrypted-tbn0.gstatic.com/images?q=tbn:ANd9GcQd6hCsdhUpXFLqPm9e8OScbRk9z3TMrcofCQ&s;
Veste en cuir,125.0,Veste en cuir véritable pour un look intemporel.,Vêtements,https://encrypted-tbn0.gstatic.com/images?q=tbn:ANd9GcQfeIBB4NzigY5CA0gkq_y0A5r309GGWrHIuA&s;
Veste en cuir,119.99,Veste en cuir véritable pour un look intemporel.,Vêtements,https://encrypted-tbn0.gstatic.com/images?q=tbn:ANd9GcS00A5ulsMJIG2kS-ut9kSL_B3WuwNxHmUYhg&s;
Veste imperméable,87.99,Veste légère et imperméable pour les activités de plein air.,Vêtements,https://encrypted-tbn0.gstatic.com/images?q=tbn:ANd9GcTCpvcWyOcdAN86Sz0Ua5zyjjZNHQu7vV-uYg&s;
Veste imperméable,89.0,Veste légère et imperméable pour les activités de plein air.,Vêtements,https://encrypted-tbn0.gstatic.com/images?q=tbn:ANd9GcTjz6ilAiYFXh0Cs2pmsqi-OHLTDf-LwWMVew&s;
Gant de jardinage,15.99,Gant de jardinage robuste avec protection.,Jardinage,https://encrypted-tbn0.gstatic.com/images?q=tbn:ANd9GcQPiahrp-G0RNJMkFsCiCKoMoMwrSr-MKcFUw&s;
Gant de jardinage,15.99,Gant de jardinage robuste avec protection.,Jardinage,https://encrypted-tbn0.gstatic.com/images?q=tbn:ANd9GcQ8fQdUBQ2vli_YMt9lcghi_nlFaVvaJQEikg&s;
Kit de jardinage,25.99,Kit complet avec outils de jardinage et gants.,Jardinage,https://encrypted-tbn0.gstatic.com/images?q=tbn:ANd9GcQLr5io9-CWtmyLzv373cptDdWh_leHyubE1w&s;
Kit de jardinage,22.99,Kit complet avec outils de jardinage et gants.,Jardinage,https://encrypted-tbn0.gstatic.com/images?q=tbn:ANd9GcRkdDaJOrsz0_gzuunkOsQou5-DsqPudyxCaA&s;
Livre de cuisine,20.99,Livre de recettes pour des plats faciles à préparer.,Livres,https://encrypted-tbn0.gstatic.com/images?q=tbn:ANd9GcSs4ibMjtjatgMUAdqx-grZvoBrVgPp7p9NpA&s;
Livre de cuisine,24.99,Recueil de recettes faciles et rapides pour tous les niveaux.,Loisirs,https://encrypted-tbn0.gstatic.com/images?q=tbn:ANd9GcSSX2wkEZSg7HOIgyARNg20sQzcXtFckEb5lA&s;
Livre de cuisine,26.99,Livre de recettes pour des plats faciles à préparer.,Livres,https://encrypted-tbn0.gstatic.com/images?q=tbn:ANd9GcR602MVLxpWRbsKK1wVr3X2txaVpMxuNsPnTA&s;
Livre de cuisine,21.99,Recueil de recettes faciles et rapides pour tous les niveaux.,Loisirs,https://encrypted-tbn0.gstatic.com/images?q=tbn:ANd9GcQgCN5n1oA2NYO5QbMl7hPvsOHgt96_q0cq1g&s;
Bouteille isotherme,19.99,Bouteille en acier inoxydable qui garde les boissons chaudes ou froides.,Cuisine,https://encrypted-tbn0.gstatic.com/images?q=tbn:ANd9GcQfgzf0m_PJxBUGQHPlpuCqNasYXXmq7U3rVw&s;
"Bouteille isotherme,19.99,Bouteille en acier inoxydable qui garde les boissons chaudes ou froides.,Cuisine,""data:image/jpeg";"base64,/9j/4AAQSkZJRgABAQAAAQABAAD/2wCEAAkGBxIRERESEhAWFhUTFhgXFRYYEhYVFRkRFRgYGBgXFxYYHCggGBolHhMVIzEhJSkrLi4uFx8zODMsNygtLisBCgoKDg0OGhAQGi8lHx81Ky0tLSsrLS0tLS8tLS0tLS0tLSstLS0tLS0tLS0rLS0tLS0rLS0tLS0tLS0tLS0tK//AABEIAOEA4QMBIgACEQEDEQH/xAAcAAEAAgMBAQEAAAAAAAAAAAAABQYDBAcCAQj/xABGEAACAQIDBAYHAwkFCQAAAAAAAQIDEQQhMQUSQVEGImFxgZETMnKhscHRByPwFDNCUmKy0uHxFVOCg8IkJTRDY5KUorP/xAAYAQEBAQEBAAAAAAAAAAAAAAAAAgMBBP/EAB4RAQEAAwEBAQEBAQAAAAAAAAABAhExIQMSUUEy/9oADAMBAAIRAxEAPwDqQAAAAAAAAAAAAAAAANf8pW/KH6qV++XDwWfkbcNoUI5Oa1s23y4AeAeMbt3DRhValG0UmmmtXwuc/wAd0+nBXST3ZZq3rU2rr/FF3Xb2agdDBpbF2lDFUKdeHq1FfnZpuMlfjZpq5ugAAAAAAAAAAAAAAAAAAAAAAAAAAAAAAAAQs39/V9pfuRK7tR2U/afxLDUi/T1Mv0l+5Erm2n1Z+0yXUBip3TuQe0YrdWXEl6ssiI2hLJd6+YHTfstf+7KHtVf/AKzLYVL7LE/7Mo3TXWq6q3/NkW0pwAAAAAAAAAAAAAAAAAAAAAAAAAAAAAAABWul0Y71G8U21K17NKzjwa7Sr7UjCG/+cVrerVlFZrglki09J479ajBPNRk33NxS/dfkVfb9CSlONr3UfgXjGWeVlV2eMhzr/wDky+hpbT20oQbSrO0W/wDipr5GXF4acItuLK/tWd4tW1izlkMcq/SGEhu06cU20oRSu23ZJLNvV9pmNTZGKjWw9CrF3jUpwkn2SimbZLUAAAAAAAAAAAAAAAAAAAAAAAAAAAAAADFiayhCc3pGLb8FcCtOr6TFVpcItU13QX8UpkLtGe9Wn328iQ2H6m89ZXlL2pNyfvbItTTm3zZri82d3UdttPdfcUfGR6vd8NPoX/bLTiUbFRyku/6/IZO4On/Y5tP0uBlRk+thqjj/AJc+vHwu5r/CXw4h9km0fQ7RdJvq4mm4/wCZDrR9yqeZ28yeiAAAAAAAAAAAAAAAAAAAAAAAAAAAAAAQvS6tu4Wa/vHGHhJ5+65NFW6bVbuhT7ZTfclu/wCoOXjVw09yhKT4Qb9xUsHtiMp57sU7262lufI3ekm0pRoOlTvvNK9tc2slbs+JSaFKVTgm9OWema5lZZflOHy/XVxxuJjOPVlGXc0/gVLER60u/wDHxM2LwFWl1t12We9DJLLR31Xga0p72fZ71/Q5PpMuO5fG4NDA4t4fEUK6y9DVjJ+ymm15by8T9Kwmmk1o0mu55o/M+Oh63n+PM730Dx3p9nYSbd2qahJ/tU+o/wB0V2J8AHHQAAAAAAAAAAAAAAAAAAAAAAAAAACk9KKm9i7fqQil43b+CLsUTaq3sXVfKdvKMfqxvTlm0LtukqdTeelSnnZaXe74+rcg9m4WDlOe6s5dW/41LB0upv0cJrXdcX3ZNe9yXkVLB4mcZ+jjZ3zzds9dbGWd/W7G/wA/JJUt/aad4zi421bd4ZO1m8rMh6tLPLTO3I3qGLnUlKE4K0VFrPez4Wayecb/ANDFUj1vE78pqJ+t3dITF08+9fKx1P7GMTvYKrT/ALqtK3szjGXx3jm2Lh6v44l3+xeraeNp9lOS85xfyNGbqIAAAAAAAAAAAAAAAAAAAAAAAAAAAAAUPEyvXqP9uX0+RfDn2Oyryjezbk9eDf8AMy+t8Xh1r7ew1SMVuyTi5Sk47t3aTvbt1bKJtbBz9P8AdJ65PTudzo2PqTi47yurZSXwkvmRG0IRTm4203rcnbn25GWOfjTSvbDheLldO8rO3Ddy/HeZ6lPreJ86P0WoPlvZeSv70bdWnm2aY3Sc56h8ZTy8WWP7JZWx2Jjzo38pr+IgdpNpPJavj3E59lEH+XVZNWvRfxh5aaFzKXiLjZ11wAFpAAAAAAAAAAAAAAAAAAAAAAAAAAAOUdLPu8Wp+klBtZSS3o5N3Uo8tNL6nVznPSWkpYindJ+tk7O6ur5eBOfFY9bGGrSnGLlut2dpQzi1waI7bMOpPL9F6dzJOOGjDOMNznayv25ZGltGdld6cW+R5JY2rQ9GkkksuFuRoqhJt2Vlne7z48Fr5m1gaynThJcV71k/emZIrN9zNpjL1nbYisRh0s27u7/CRYPs0p/7XVf/AE7ef9CJxcSwfZzTtWm+afuS+prJJxFu+uhgApwAAAAAAAAAAAAAAAAAAAAAAAAAAAoO2r+ndo3txtd3buX4pG0ov8olZkfSbisevOJxCSi3CemtlJf+rdiOx1SEllJZolNp0aytOm46epa0nll17teaKzi9pb197DzcovNbi3u9NZP3HnmFa7hs+onCyVtxuDXbHL6PxGKxSp3yu3okYOjsG4zk01vVHJXVtUuHL+ZjxcHOu7aQVu965d5pvW3JN1jp451HuuNnmXToNTtVfsv5Fcpwi7NLPnZ8u0tHQ1fev2X8i8LtGckvi5AA0QAAAAAAAAAAAAAAAAAAAAAAAAAAAUba093FaZSWffvOz/HMvKKNt+P3ylybXnd/GK8ycuKx6ka+kWuRGYuOafn3s33LKOeVvIj8fUV8rX77GK9NOrSS0iteV8+xWZCYyrVVR3jvK2W6s+2/FeJPtt5SivO/xRHYlOEZtJ9VNrJ2yV/0aaXv8SvLNOzysSqPWzXF37uSyWnf2Fj6CVXOpN8EpLydvhYp+zsVKpUtJrNcF3X7dC89DaSjUaSst1+9lya8TlVuABbMAAAAAAAAAAAAAAAAAAAAAAAAAABFM23C8qnYt7xi95fAuaKxi195LvJydjTeqd8mtOHeiK25OUGpbrcbNN8nqm1y1Pu1p1Kbp01dXgutf9W30t4+XnaeL9HCMnmnqu/jfhm/eY/7pvrzbHhZxkk1bwPGMopuzinvLPKN35q/kyH2XjvvGndJt2XLP4k3UjfNc+SfxQvl05rc2xYPCxg3uwt4ST85K/vLT0U/OS9n6FdoxSvp4bv+ksfRX15ez9DTHrOrQADRAAAAAAAAAAAAAAAAAAAAAAAAAAACKxi/zku8s6KZtN7s5y3pK13l9HdEZ3UVjNo7bU9/E0o8Ixs++X4iRHSCecablZKKv2vt8mZZ4xzxEJtW3krc7JWu+17ps7Z2cq0o3lZxT0V76fjxMbdZPRP+VToNxneOl+4sMaFTcUlZv9V/XS/eZqez4xi4Wi0+Li79997LwsaGDnOnPccst61ny4M7b+vf45P4laGcU889U1azWTyLJ0T9eXslaxFV5cL6lg6Gy68vZLxrLKLaADVmAAAAAAAAAAAAAAAAAABYC4AAAAAACKdtGC35q6td3T0s/FFxKP0og41Gub99/pZ+KIzm1YdQO26Xo6lF7uSe7dcUnda2ztL3ElWqZ3aenZ8mR22IVHC+bjFp+tdq2WXmb1aSaptuOcVqr59mZjZxvvyvMaqZEY7ERVaLWq1059r7WSNWsoate5ZdiNDCYXfjvSjxb7c+07xLdxjdk0rX5tXt8PeWXodC05Z/o/NFXoT3oLNN03Z58Fxy7LMtXQuLcqkv2V73lf8A7ZFYdTktQANmQAAAAAAAAAAAAAAAAAAAAAAAAAABAdKNlzq2nT9aKs1wa4dzXPtfZafAHGdubdnShKnOjNS0zjK3g9Gu4x7E6T06tNU6q3JR0uurKOfPjodlrYeE8pQjLvSZH4jo3hKmUsPB37CLguZuW4jamHgm9+NuSly5XTIKfTCbk1u/drJLR+aR2BdA9nXusJBPsNuj0WwcNMPHxux+T9OQ4PalWo2qFJtvjZ7v8zp3QLAVqFC1XWT3pN6uT424LhYsNDBU4epTjHuSNgqTSbdgAOuAAAAAAAAAAAAAAAAAAAAAAAAAAAAAAAAAAAAAAAAAR9ABnwAAAAAAAAAD/9k="""
Lunettes de soleil,15.0,Lunettes de soleil tendance pour les journées ensoleillées.,Accessoires,https://encrypted-tbn0.gstatic.com/images?q=tbn:ANd9GcTIaBCQf7DV24AD-IAT1pDi0ME7LzZEuX0a-A&s;
Lunettes de soleil,20.0,Lunettes de soleil tendance pour les journées ensoleillées.,Accessoires,https://encrypted-tbn0.gstatic.com/images?q=tbn:ANd9GcT53N3cVJwUSPCZsOGLhhOQjxj_OuGTZHq2Aw&s;
Chaussures de course,69.9,Chaussures de course légères et confortables.,Vêtements,https://encrypted-tbn0.gstatic.com/images?q=tbn:ANd9GcSdClm00ZwRZSbX1MZ5b0N5yalIK3UTRhb_sg&s;
Chaussures de course,89.9,Chaussures légères et respirantes.,Chaussures,https://encrypted-tbn0.gstatic.com/images?q=tbn:ANd9GcSVcuL9i5fsKLbw-Rn8ITs_ipo6-bi-iFfoxw&s;
Chaussures de course,71.99,Chaussures de course légères et confortables.,Vêtements,https://encrypted-tbn0.gstatic.com/images?q=tbn:ANd9GcRgD_jdbF2H_KZbNZoKJi0i7h2FA-sF-O7dAw&s;
Chaussures de course,68.0,Chaussures légères et respirantes.,Chaussures,https://encrypted-tbn0.gstatic.com/images?q=tbn:ANd9GcReEmcSCmS6h3qCjbiBhLH8TS_cnhcpKhHq3Q&s;
Coffret de chocolats,42.0,Coffret contenant une sélection de chocolats fins.,Alimentation,https://encrypted-tbn0.gstatic.com/images?q=tbn:ANd9GcRy6go5Ag35Y1XEQO7isXDE7AE5_e8baDzLWA&s;
Coffret de chocolats,39.99,Coffret contenant une sélection de chocolats fins.,Alimentation,https://encrypted-tbn0.gstatic.com/images?q=tbn:ANd9GcSug55s4nartUVItfOErs0fZCvc1P7xDRgrvQ&s;
"Tapis de yoga,22.0,Tapis de yoga antidérapant, idéal pour les exercices.,""data:image/jpeg";"base64,/9j/4AAQSkZJRgABAQAAAQABAAD/2wCEAAkGBxMTEhUSEhIWFRMXFhUQFRIYFRUXEBgXFRUWFhcXFxYYHSggGBolGxUVITEhJiktLi4uFyAzODMtNygtLisBCgoKDg0NDg0NDisZFRkrKysrNysrKystLSsrKysrKysrLSsrKysrKysrKysrKysrKysrKysrKystKys3KysrK//AABEIAMMBAwMBIgACEQEDEQH/xAAcAAEAAQUBAQAAAAAAAAAAAAAAAQIDBAUGBwj/xAA7EAACAQIDBQUECQMFAQAAAAAAAQIDEQQFIQYSMUGBIlFhcZEHMlKSEyMzQmJyoaKxwdHhU2NzgvEU/8QAFgEBAQEAAAAAAAAAAAAAAAAAAAEC/8QAFhEBAQEAAAAAAAAAAAAAAAAAABEB/9oADAMBAAIRAxEAPwD3EAAAAAAAAAAAAAAAAAAAAAAAAAAAAAAAAAAAAAAAAAAAAAAAAAAAAAAAAAAAAAAAAAAAAAAAAAAAAAAAAAAAAAAAAAAAAAAAAAAAAAAAAAAAAAAIbAkNmlzHaSlTuofWS8H2F5y/tc5XM86q1dJStH4FpDr39QOtxm0dCm7bzm+e4rr1bS/Uv5dnVGs7Ql2vgkrS6d/S55lWxSRgzxsk04tpp3TTs01zT5Fg9rBodj88/wDqo3l9rBqFTx+GduV9eqZviAAAAAAAAAAAAAAAAAAAAAAAAAAAAAAAENgSQ2aXMdpKVPSH1kvD3F5y59LnK5lnVSr78uz8C0h6c+oHVZjtJSp3UPrJeD7C85c+lzlsyzqpV9+XZ+BaQ9OfU09bFWMGrirlgzq2KSMGti2zFnULcpFFc6ly05FqpiEuLMSWaU07N28QO89mlVrFSjylSk2vGMoWf7n6npxyGwGQ/QwdebTnUSikmpKML3fajo22l6LxOvJoAAgAAAAAAAAAAAAAAAAAAAAAABDklq+HeBJDZpMw2lpwuqf1ku9O1P5ufQ5XM84qVfflp8C0h6c+twOrzHaSlC6h9ZLwfYX/AG59LnKZnnVSr78uz8C0h6c+tzUVsUYNXElgzq2KMKrirmNKbZblMouSmW5SMatikjV4vMrcwNnXxSXM1WMzS3OxqMRmDlw9SxGDerFGRUxcpPT1EKXfqyacDIgrGRk5bjKtB71GrOk737EnFPzS0fU7DK/adjKelXcrx/Etyp80NP2s4lIAezZX7UcJPStGpRfe19JT9Ya+sUdbl2bUK6vQrU6i57s02vNLVdT5sJhNpqSdmuDTtJeTXAD6fB4Jle3OOoWSrupH4aq+kXzPt/uOvyv2sxdliMO1+OlJSXnuStb1YHpgNFlW2GCxFlTxEFJ8IT+rm33JTtvdLm9AAAAAAAAAAAAAUzkkrt2S1beiQFREpJK7dktW3wNDmO08I6Ulvy+LhTXXjLp6nL5jms6n2k7rlFaQXT+4HU5htNThdU19JLv4U/Xn09Tl8yzepV+0ndfAtILpz63NVWxZgVcUWDOrYswauJMeU2yhsoqlNsolKxYrYpI1eKzDxA2VbFJGsxWY+JqMVmV+GphNylxFGXisxb4amE96XEuwpGRGkSixTpl6MSvcJUSAkVopSJbAr3hvlslAXEyss3CkBdYTLaZUmBXc22VbSYrD6Ua84r4L71PpCV4r0NRcboHpGU+1aqtMTQjNfHTbhL5JXTfVHoOzu0dDGRlKi3eNlKElacb3tfk07PVN8Dw7Z7Z2vi57lGF0n26j0pw/NLv8FdntWyOzFPA03GMnOpOzqVHpdq9lFfdirvTXjxA3wAAAAAAAMfMcXGlSnVl7sIubXN2V7LxfA8M2i2rqVJOpWqtK91BN7iWtlCK/m13zPYds6blgcQlxVNy6Rak/0TPmzae+6590lGPd2lJt/sXqXB1eT7UKbtGpv24wk3vpd6vr/Q3U8VdXXBnhlKvKElOLtJO6Z6ls3mKq04y4by1XdJXT/h/oBuJSbKWrcSmtXSNVi8eUZ9bFJGrxOY+JqcXmfLi+41tSrKfkBn4vMu7UwJTlLj/gqp0TIhRJRZp0zIjSLkYFxIgtqBWolQuBFiLlRKQFD8iLFxogCjdIZXukboFKRKRNha4EXJKo0zcZBs9Xxc9yhDetpKb0pQ/NLv8ABXfgBqIwPQtj/ZvOrari706fFUuFaX5v9Nfr5HabKbC0MJacvra61+katGL/ANuGu756vx5HVgWMFg6dGCp0oRhCOijFWX/viXwAAAAAAAAAKatNSTjJXTTi1yaejR8+bYbOOjVq4apfdfuT5uF705+d1qu9NH0KafaXZ6ljKe7U0nG7hUS7UW+PnF6XjztyaTVHyrV2ZqXtfyaV0/I6nZvBSoUlGTu97e6OSOtzfY3FYe7dOU4f6lJOaa5Xgu0vS3icdmWaP3aae9wcmmrcno+fH/PIL+Z5ko89e7maGtiZTfcv1Jhhm3eX+S/DDijEp0jKp0S/GgkVNEFEYWLiiVRRLARiGL9wAi4SKrhgCAkTYCCUgmVAQkGiZBAU7pXTottJK7bSSSbbb5JLizd7N7MYjGStSjaCdpVZXVKPer/el+FdbcT2DZfZDD4NXit+ta0q0kt/xUV9yPgurYHEbKezOU7VMZeEOKoRdqkvzyXuLwWviuB6jgsHTpQVOlCMIRVlGKSiuiL4AAAAAAAAAAAAAAAAAGqzjZvC4n7ehCT+O1qnzrU2oA8wzn2TrWWFrW/26nDpOP8AVHCZxsxisN9tRlGPxpb1P5loup9FENXA+Yfoydw95zjYbBYi7dL6Ob+/S7D6x919UcLnPswxELvDzjWj8L7FX9ey/VAefSZFjNx2XVKMt2rTnTl3Si0+l+PQxt0C3YlsmRCQEXJEkLALk2FhcAkTYpT7jdbObN4jGT3aMOynadSWlKPm+b/Ctf5A1dGm5NRim23ZRSvJt8ElxbPSdkvZs3arjdFo1h0+0/8AkkuH5V1fI6/ZbY+hg0nFb9a1nWku1rxUF9xeWr5tnRAW8PQjTioQiowit2MYpKKS5JLgi4AAAAAAAAAAAAAAAAAAAAAAAAAAAAFnF4SnVi4VIRnF8YyipR9GcdnHs0wtS7ouVCXcu3S+WTuujR24A8PznYDGULtU1VgvvUu07eMH2vS5ytSm02ndNcU1Z9U+B9NGtzfIsPiVavRhPula1ReU12l6gfOu6UqDPWMy9lVNtvD4iUPw1I768lJNP1uaeXstxd9KtBrvcqi/Tcf8gcBuWEaTbSWrbskk223yS5vwPTsD7KZX+vxSt8NKnr8021+07XIdlcLhNaNJb/B1ZPfqv/s+C8FZAcBsl7NJTtVxt4Q4qgnao/zte4vBa+K4HqeDwsKUI06cIwhFWjCKSil4JF4AAAAAAAAAAAAAAAAAAAAAAAAAAAAAAAAAAAAAAAAAAAAAAAAAAAAAAAAAAAAAAAAAAAAAAAAAAAAAAAAAAAAAAAAAAAAAAAAAAAAAAAAAAAAAAAAAAAAAAAAAAAAAAAAAAAAAAAAAAAAAAAAAAAAAAAAAAAB//9k="""
Tapis de yoga,30.0,Tapis de yoga antidérapant, idéal pour les exercices.,https://encrypted-tbn0.gstatic.com/images?q=tbn:ANd9GcRCxtC6jXEXbEi5OL-tljzMnfsy1msEiaQ9xA&s;
Tapis de jeu,47.0,Tapis de jeu confortable et coloré pour les enfants.,Décoration,https://encrypted-tbn0.gstatic.com/images?q=tbn:ANd9GcRgCFKQKtfWJXnvhi63Y_bRahvy64Y7xw3_yw&s;
Tapis de jeu,55.0,Tapis de jeu confortable et coloré pour les enfants.,Décoration,https://encrypted-tbn0.gstatic.com/images?q=tbn:ANd9GcRxhCo4A7K21ij9HeqUuDbMqCMwvo5Z2S4b_g&s;
Parapluie pliant,18.0,Parapluie compact et léger, facile à transporter.,https://encrypted-tbn0.gstatic.com/images?q=tbn:ANd9GcT-T2OK8KO19q_UYC6RSNSR7E-CMTfNI1w4sA&s;
Parapluie pliant,20.0,Parapluie compact et léger, facile à transporter.,https://encrypted-tbn0.gstatic.com/images?q=tbn:ANd9GcQP0eu8dm7zulRQwXJDNS_dD2pV1r4Kw2zQjg&s;
"Travelling bag,50.0,""Voyagez avec élégance et efficacité grâce à cet ensemble de sacs de voyage en polyester robuste. Chaque sac est conçu pour résister aux rigueurs des déplacements fréquents tout en offrant un espace de rangement optimisé. Le grand sac est idéal pour les longs séjours, avec ses compartiments spacieux et ses sangles de compression pour garder vos affaires bien organisées. Le sac de taille moyenne, avec roulettes et poignée télescopique, est parfait pour les courts trajets. Enfin, le sac de cabine s'adapte à toutes les compagnies aériennes, idéal pour un bagage à main pratique. Cet ensemble est parfait pour tous types de voyages, du week-end aux vacances prolongées."",Sacs,https://encrypted-tbn0.gstatic.com/images?q=tbn:ANd9GcTQHmAbEH8_zNSDIu-EX6wCZiSr7_q2wsgiUg&s";
Sac de sport,55.0,Sac de sport pratique avec plusieurs compartiments.,Accessoires,https://encrypted-tbn0.gstatic.com/images?q=tbn:ANd9GcQxhUmMB643SoP43edOoZ78BWXL7Dk3Oakwdg&s;
Sac de sport,49.99,Sac de sport pratique avec plusieurs compartiments.,Accessoires,https://encrypted-tbn0.gstatic.com/images?q=tbn:ANd9GcTQHmAbEH8_zNSDIu-EX6wCZiSr7_q2wsgiUg&s;
Blender,55.0,High-speed blender for smoothies and soups,Home Appliances,https://encrypted-tbn0.gstatic.com/images?q=tbn:ANd9GcSrVcgoHn2cCLPeAqnQ9CO00E111EeqH1DD2g&s;
Blender,60.0,High-speed blender for smoothies and soups,Home Appliances,https://encrypted-tbn0.gstatic.com/images?q=tbn:ANd9GcRqeowyJ3TaCfqN4wonIIGrqka-pbew4KHcZQ&s;
Blender,66.0,High-speed blender for smoothies and soups,Home Appliances,https://encrypted-tbn0.gstatic.com/images?q=tbn:ANd9GcT6PphjJjNJ5Qxh71EKQkSaw9xDMs0kRlAOPg&s;
Smartphone,550.0,Smartphone haut de gamme avec appareil photo 108 MP.,Électronique,https://encrypted-tbn0.gstatic.com/images?q=tbn:ANd9GcQzdmj9IjueCj62eRJuQgCkWo0pDtHFieE2GA&s;
Smartphone XYZ,660.0,Latest model with high-end features,Electronics,https://encrypted-tbn0.gstatic.com/images?q=tbn:ANd9GcTz48ry1IZpsQVYDson5j_Lxrw7awDZXcbHZg&s;
Smartphone XYZ,600.0,Latest model with high-end features,Electronics,https://encrypted-tbn0.gstatic.com/images?q=tbn:ANd9GcT2kUo8-SLX23StAYs1gFlsOxPH7bPrz8xPzA&s;
Smartphone apple,500.0,Smartphone haut de gamme avec appareil photo 108 MP.,Électronique,https://encrypted-tbn0.gstatic.com/images?q=tbn:ANd9GcRGvV-r0l8p9ZQNfob71D7x4htyQ1L2XRbi_w&s;
Smartphone Samsung,700.0,Latest model with high-end features,Electronics,https://encrypted-tbn0.gstatic.com/images?q=tbn:ANd9GcQR7Ze4ciVqp1rmehnm83Ii65Xgq0Ca90b8qw&s;
"Laptop,120000.0,""Découvrez la performance portable avec ce laptop ultra-fin de 15 pouces, conçu pour offrir une expérience informatique fluide et rapide. Doté d'un processeur Intel Core i7 de dernière génération, de 16 Go de RAM et d'un disque SSD de 512 Go, il vous permet de gérer vos tâches avec une grande réactivité. Son écran Full HD offre une clarté d'image exceptionnelle, idéal pour le travail, les divertissements ou le gaming léger. Avec une autonomie pouvant atteindre 10 heures et un design léger, il est parfait pour les déplacements."",Laptop,https://encrypted-tbn0.gstatic.com/images?q=tbn:ANd9GcTXCk0sdiZRpKZtzqqCCI2CLeEbI3nyKV_8-g&s";
"LV watch,10000.0,""Ajoutez une touche de sophistication à votre look avec cette montre-bracelet en acier inoxydable. Dotée d'un cadran minimaliste et d'un design épuré, elle allie élégance et fonctionnalité. Son bracelet ajustable en acier offre un confort optimal, tandis que son mouvement à quartz garantit une précision fiable. Étanche jusqu'à 50 mètres, cette montre est idéale pour les activités quotidiennes tout en résistant aux éclaboussures et à la pluie"",montre,https://encrypted-tbn0.gstatic.com/images?q=tbn:ANd9GcT6oJVZg95_E4ydNXL_N_8HBc4BJHXk1YOkZw&s";
